{
  "n": 900,
  "accuracy": 0.6644444444444444,
  "accuracy_by_method": {
    "base": 0.62,
    "lowtemp": 0.6733333333333333,
    "power_mh": 0.7
  },
  "accuracy_by_seed": {
    "0": 0.67,
    "1": 0.67,
    "2": 0.6533333333333333
  }
}