{
  "n": 30,
  "accuracy": 0.7333333333333333,
  "accuracy_by_method": {
    "power_mh": 0.7333333333333333
  },
  "accuracy_by_seed": {
    "3": 0.7333333333333333
  }
}