{
  "n": 30,
  "accuracy": 0.6666666666666666,
  "accuracy_by_method": {
    "power_mh": 0.6666666666666666
  },
  "accuracy_by_seed": {
    "3": 0.6666666666666666
  }
}